Slug,Название вина,Название фото
avtohtonnoe-vino-kryma-beloe-suhoe, Автохтонное Вино Крыма белое сухое,PUSjv7dnMNilH25TO9BcbFN55lPrHsK4eSLja8tm9Ur62n50PyxhlRO1RU4s3eNZb1YqGT4HJPD_77QgWTf3Ng==.webp
aligote-barrel-2024," Алиготе Баррель, 2024",DSC09173.webp
agora-rosa-viva-cabernet-franc,Agora ROSA VIVA Cabernet Franc,fpZEJhYZPstBYLV_1775199670.webp
agora-rosa-viva-cabernet-sauvignon-shiraz,Agora ROSA VIVA Cabernet Sauvignon Shiraz,22RA11aBWFX8Yu9_1775199820.webp
agora-rosa-viva-muscat,Agora ROSA VIVA Muscat,kOtRttCJvP1R7jP_1775199321.webp
agora-rosa-viva-riesling,Agora ROSA VIVA Riesling,BYrAbT0xREdRg8j_1775199389.webp
agora-rosa-viva-beloe-bryut,Agora Rosa Viva Белое Брют,O4nl0YWdgyo6HNd_1775200002.webp
agora-rosa-viva-beloe-polusladkoe,Agora Rosa Viva Белое Полусладкое,ugbHOGJxxJ9PvCj_1775200212.webp
agora-rosa-viva-rozovoe-polusladkoe,Agora Rosa Viva Розовое Полусладкое,obmsa6YZNZPDCKY_1775200312.webp
aya-khrustaleva-76-merlot-organik,Aya Khrustaleva 76 merlot Органик,PUSjv7dnMNilH25TO9BcbBjoR8uZySbkV5WTEJjg3CKy_5U-vUeQvP6o-lXGG5qNEDMtdZtuUjEtjwaQrtTXAg==.webp
abrau-dyurso-az-abrau-madrasa-krasnoe-suhoe-14,Az Abrau Мадраса,abrau-dyurso-az-abrau-madrasa-krasnoe-suhoe-14.webp
blush-mirage-risling,BLUSH MIRAGE Рислинг,XywLwM9gAjIZTWr_1775202863.webp
blush-mirage-rkacziteli-shiraz,"BLUSH MIRAGE Ркацители, Шираз",d4r5DOdPTc8okf5_1775202663.webp
blush-mirage-sovinon-zelyonyj,BLUSH MIRAGE Совиньон Зелёный,gx4WjjjicwzUUN2_1775202973.webp
cantiani-aligote-riesling,Cantiani Aligote Riesling,Cantiani-AligRiesl_New vid_042025 копия-fotor-bg-remover-20260821205234.webp
cantiani-cabernet-sauvignon,Cantiani Cabernet Sauvignon,Cantiani-CaberSauv_vid_042024-Photoroom.webp
cantiani-riesling-rkatsiteli,Cantiani Riesling Rkatsiteli,Cantiani-RieslRkats_New vid_042025 копия.webp
chateau-tamagne-nature-orange,Chateau Tamagne Nature. Orange,ШТ NATURE 0.75 2024гу_ Normal Orange.webp
chateau-tamagne-nature-vert,Chateau Tamagne Nature. Vert ,ШТ_Верт.webp
chateau-tamagne-signature-kaberne,Chateau Tamagne Signature. Каберне,ШТ_Signature_Cabernet_23.webp
chateau-tamagne-signature-saperavi,Chateau Tamagne Signature. Саперави,ШТ_Signature_Saperavi_23.webp
chateau-tamagne-signature-shardone,Chateau Tamagne Signature. Шардоне,ШТ_Signature_Chardonnay_23.webp
cru-lermont-risling,Cru Lermont Рислинг ,PUSjv7dnMNilH25TO9BcbEn9PKFsvhomYYP8Jj3i0iWVqQI0-rkNdcYuXgscT6RdVKBQsWgR2u7Opn2Pybli1A==.webp
caperavi-avtorskoe-vino,Cаперави. Авторское вино,2917_IsMEBEw.webp
cary-pandas-avtorskoe-vino,Cары Пандас. Авторское вино,2920_tIFZZgl.webp
cira-avtorskoe-vino,Cира. Авторское вино,2919_KtpYckH.webp
di-caspico-rozovoe-bryut,Di Caspico розовое брют,PUSjv7dnMNilH25TO9BcbPvEK1FhdY8NChl65-03iIRbe662PItcwolEa035C3gQVzMsL6QaPtittNIjGPfqOw==.webp
agrolayn-heritage-dg-skin-contact-rkatsiteli-rkatsiteli-krasnoe-suhoe-12,Heritage DG Skin contact Rkatsiteli,agrolayn-heritage-dg-skin-contact-rkatsiteli-rkatsiteli-krasnoe-suhoe-12.webp
leto-kollekcziya-leta-2020-suhoe-beloe-1,LETO Коллекция Лета 2020 сухое розовое,ВИНО сухое розовое КОЛЛЕКЦИЯ ЛЕТА.webp
leto-kollekcziya-leta-kupazh-2021-suhoe-beloe,LETO Коллекция Лета Купаж 2021 сухое белое,Вино сухое белое КОЛЛЕКЦИЯ ЛЕТА КУПАЖ.webp
leto-kollekcziya-leta-kupazh-2023-suhoe-krasnoe,LETO Коллекция Лета Купаж 2023 сухое красное,Вино сухое красное КОЛЛЕКЦИЯ ЛЕТА КУПАЖ.webp
leto-shardone-2023-suhoe-beloe,LETO Шардоне 2023 сухое белое,Вино белое сухое ШАРДОНЕ.webp
method-classic-kokur,Method Classic Кокур,DSC00836.webp
agrolayn-mountain-eagle-traminer-traminer-beloe-suhoe-12,Mountain Eagle Traminer,agrolayn-mountain-eagle-traminer-traminer-beloe-suhoe-12.webp
esse-muskat-muskat-belyy-beloe-ekstra-bryut-115,Muskat,esse-muskat-muskat-belyy-igristoe-ekstra-bryut-beloe-115.webp
pinot-noir-2024-one-barrel-by-dmitry-maslov-pino-nuar-2024-uan-barrel-dmitrij-maslov,Pinot Noir 2024 One Barrel by Dmitry Maslov (Пино Нуар 2024 Уан Баррел Дмитрий Маслов),IMG-20250829-WA0033 (1).webp
belmas-winery-syrah-katya-sira-krasnoe-suhoe-125,Syrah Katya,belmas-winery-syrah-katya-sira-krasnoe-suhoe-125.webp
belmas-winery-vi-vione-beloe-suhoe-122,Vi,belmas-winery-vi-vione-beloe-suhoe-122.webp
winemaker-selection,Winemaker selection,PUSjv7dnMNilH25TO9BcbM8AKD4B2Y2ZSiq4lp0vlNDQ1ImKjluVncWpupc0tiiAiC0SJlrfF34ylQFVb-WxBQ==.webp
aligote-avtorskoe,Алиготе Авторское,4285_eqF1Fau-no-bg-preview (carve.photos).webp
aligote-barrel-2025,"Алиготе Баррель, 2025",DSC09173.webp
aligote-avtorskoe-vino,Алиготе. Авторское вино,4285_eqF1Fau-no-bg-preview (carve.photos).webp
aristov-anima-millesimato,Аристов Anima Millesimato,PUSjv7dnMNilH25TO9BcbB-fZxNzaXse9Yvayfomyz45kB47omg8pj9DLYVWxOEJyAZVfgaWHt2SelDIfwtNeQ==.webp
aristov-anima-pinot-grigio-blush,Аристов Anima Pinot Grigio Blush,PUSjv7dnMNilH25TO9BcbPdYfuVdFztwOJbguw7qrtonwKE4g_YxKvyGu7XTUolKPAHgei-COQicppgqKdEfGg==.webp
kuban-vino-aristov-kaberne-sovinon-roze-rozovoe-suhoe-12,Аристов Каберне Совиньон Розе,kuban-vino-aristov-kaberne-sovinon-roze-rozovoe-suhoe-12.webp
aristov-kyuve-aleksandr-blan-de-blan,Аристов. Кюве Александр. Блан Де Блан,Аристов Кюве экстра брют Блан де Блан 18 MESI 2022ГУ Normal.webp
aristov-kyuve-aleksandr-blan-de-nuar,Аристов. Кюве Александр. Блан Де Нуар,Аристов Кюве экстра брют Блан де Нуар 18 MESI 2022ГУ Normal.webp
balaklava-bryut-rezerv,Балаклава Брют Резерв,Балаклава белый брют-fotor-bg-remover-2026012323611.webp
beloe-polusladkoe,Белое полусладкое,PUSjv7dnMNilH25TO9BcbFVF44K64e2gZNSf1DlaR91IBz4iguFSby3dv31Ew0gCzAsnNoG_SXBvl9U3tP7BDw==.webp
beloe-suhoe,Белое сухое,PUSjv7dnMNilH25TO9BcbAmGBET-cmWMaCxitV_l_mGTrRJ-KWX9ciUiEgJsHYWY2Kt2yEdEwMmXQTL4MEqK3w==.webp
skalistyy-bereg-veter-v-travah-kaberne-fran-krasnoe-suhoe-13,Ветер в травах,skalistyy-bereg-veter-v-travah-kaberne-fran-krasnoe-suhoe-13.webp
oxana-istratova-wine-vione-2024-oranzhevoe-suhoe-13,Вионье 2024,oxana-istratova-wine-vione-2024-oranzhevoe-suhoe-13.webp
shato-ay-danil-grenash-krasnoe-suhoe-12,Гренаш,shato-ay-danil-grenash-krasnoe-suhoe-12.webp
dva-brata-pet-nat-kokur-2024,"Два Брата Пет Нат Кокур, 2024",DSC09166.webp
igristoe-vino-bryut-beloe-di-kaspiko-blan-de-blan-di-caspico-blanc-de-blancs,Ди Каспико Блан де Блан,DI CASPICO_BdB.webp
igristoe-vino-bryut-rozovoe-di-kaspiko-blan-de-nuar-di-caspico-blanc-de-noirs,Ди Каспико Блан де Нуар,DI CASPICO_BdN.webp
villa-urkusta-kaberne-sovinon-klassik-krasnoe-suhoe-139,Каберне совиньон Классик,villa-urkusta-kaberne-sovinon-klassik-krasnoe-suhoe-139.webp
karbon-glyu-2024,"Карбон Глю, 2024 ",DSC09171.webp
kokur-avtorskoe,Кокур Авторское,4287_YChPNz3-no-bg-preview (carve.photos).webp
kokur-premium,Кокур Премиум,4291_pifLuYu-no-bg-preview (carve.photos).webp
kokur-suhoe,Кокур сухое,PUSjv7dnMNilH25TO9BcbEHxFsVdacxiw9g14-S-jNlsQHUw8Gotsf9OTvhVAM2MPFezWL9o66cKdhREGsmUqA==.webp
kokur-suhoe-2025,"Кокур Сухое, 2025",DSC00839-Photoroom.webp
kokur-2025,"Кокур, 2025 ",DSC00839-Photoroom.webp
krasnostop-shato-taman,Красностоп. Шато Тамань,ШТ Молодое 2025 игристое Normal Красностоп.webp
legato-legato-sovinon-blan-mtsvane-beloe-suhoe-125,Легато Совиньон Блан Мцване,legato-legato-sovinon-blan-mtsvane-beloe-suhoe-125.webp
katharon-mezenka-risling-polusuhoe,Мезенка: Рислинг полусухое,KATHARON Мезенка: Рислинг полусухое.webp
katharon-mezenka-risling-suhoe,Мезенка: Рислинг сухое,KATHARON Мезенка: Рислинг сухое.webp
muskat-pozdnego-sbora-rozovyj,Мускат позднего сбора розовый,4290_zDKbOVA-no-bg-preview (carve.photos).webp
muskat-avtorskoe-vino,Мускат. Авторское вино,2923_GVAPsCA-no-bg-preview (carve.photos).webp
muskatnoe-shato-taman,Мускатное. Шато Тамань,ШТ Молодое 2025 игристое Normal Мускат.webp
novyj-svet-vyderzhannoe-bryut,Новый Свет выдержанное брют,4300_tlKHpEg.webp
novyj-svet-kollekczionnoe-bryut,Новый Свет коллекционное брют,4293_5vOij6H.webp
novyj-svet-polusladkoe,Новый Свет полусладкое,4300_tlKHpEg.webp
novyj-svet-polusuhoe-kollekczionnoe,Новый Свет полусухое коллекционное,4299_5oIVtUU.webp
novyj-svet-aligote,Новый Свет. Алиготе,2938_CG6OxkC.webp
novyj-svet-blan-de-nuar,Новый Свет. Блан Де Нуар,2939_WV4G4xP.webp
novyj-svet-zolotoj-risling,Новый Свет. Золотой Рислинг,4310_5n67NVV.webp
novyj-svet-kaberne,Новый Свет. Каберне,2927_F6GFXH9.webp
novyj-svet-kaberne-sovinon,Новый Свет. Каберне Совиньон,4308_TC5bsGE.webp
novyj-svet-kaberne-sovinon-polusladkoe,Новый Свет. Каберне Совиньон полусладкое,4309_XpHvuQW.webp
novyj-svet-paradizio,Новый Свет. Парадизио,2934_gdn4eJx.webp
novyj-svet-pino-gri-millezim,Новый Свет. Пино Гри Миллезим,4303_vEAeFbH.webp
novyj-svet-risling-kyuve-de-prestizh,Новый Свет. Рислинг Кюве де Престиж,4298_nWd2gfl.webp
novyj-svet-shardone,Новый Свет. Шардоне,4301_xcHyczV.webp
novyj-svet-shardone-kyuve-de-prestizh,Новый Свет. Шардоне Кюве де Престиж,4302_K89csMx.webp
novyj-svet-shardone-kyuve-de-prestizh-1,Новый Свет. Шардоне Кюве Де Престиж,2936_zC6X56X.webp
ona-skazala-da,Она сказала Да!,"Generated Image June 22, 2026 - 10_44PM (1).webp"
pet-nat-sosedi-2024,"Пет Нат Соседи, 2024 ",DSC09170.webp
pino-glyu-2025,"Пино Глю, 2025 ",DSC00837-Photoroom.webp
pino-gri-avtorskoe,Пино Гри Авторское,4286_IxmFMpd-no-bg-preview (carve.photos).webp
pino-nuar-2025,"Пино Нуар, 2025",DSC00836.webp
sober-bash-risling-risling-reynskiy-beloe-suhoe-11,Рислинг,sober-bash-risling-risling-reynskiy-beloe-suhoe-11.webp
risling-shato-taman,Рислинг. Шато Тамань,ШТ Молодое 2025 игристое Normal Рислинг.webp
oxana-istratova-wine-rkatsiteli-2024-oranzhevoe-suhoe-12,Ркацители 2024,oxana-istratova-wine-rkatsiteli-2024-oranzhevoe-suhoe-12.webp
rkacziteli-beloe-suhoe,Ркацители белое сухое,PUSjv7dnMNilH25TO9BcbHXIpy_mUTr_Wd50ScqGjhvZ2mAVX4zqqcETZRz075dvrAXeagyogpHmlZhI3IHJbQ==.webp
roze-avtorskoe-vino,Розе. Авторское вино,2922_lCf6Bdm.webp
rozovoe-bryut-1,Розовое брют,PUSjv7dnMNilH25TO9BcbFBPZSZMWHW-C96-w-SlBIvm4j7SomVifCnWbCxbVPT4yrDB1uyfORJYphzwKVYwjQ==.webp
rozovoe-bryut,Розовое брют Monte Garu,PUSjv7dnMNilH25TO9BcbG_LfwiSE8H5cqXoTEc1-yacFqC67GBdpqE3HXbAjCyq73a90Q8_KpBC64Bcw_SWoQ==.webp
rozovoe-bryut-spumante,Розовое брют Спуманте,PUSjv7dnMNilH25TO9BcbLdzaJNH1Hv9WOrHokzv1ehc6kKyOSaNL81-Blk2WzhW9BBPU9kyPHCZlDfI0SstzQ==.webp
rozovoe-polusladkoe-2,Розовое полусладкое,"Generated Image June 22, 2026 - 10_44PM.webp"
rozovoe-polusladkoe-1,Розовое полусладкое,PUSjv7dnMNilH25TO9BcbD-vEZBMijpNGRWvy6uIfxkFrYqzmnHkbTDNSqlQSkM5nnryrf3SdJnvNIRGZKU_eQ==.webp
sosedi-aligote-shardone-2025,Соседи Алиготе/Шардоне 2025,DSC00842.webp
soyuz-vino-soyuz-vino-kaberne-sovinon-polusladkoe-beg-in-boks-krasnoe-12,Союз-Вино Каберне Совиньон Полусладкое Бэг-ин-бокс,soyuz-vino-soyuz-vino-kaberne-sovinon-polusladkoe-beg-in-boks-krasnoe-12.webp
soyuz-vino-soyuz-vino-shardone-suhoe-beg-in-boks-beloe-11,Союз-Вино Шардоне Сухое Бэг-ин-бокс,soyuz-vino-soyuz-vino-shardone-suhoe-beg-in-boks-beloe-11.webp
sober-bash-trezvaya-golova-sibirkovyypino-gri-beloe-suhoe-11,Трезвая голова. Сибирьковый+Пино Гри,sober-bash-trezvaya-golova-sibirkovyypino-gri-beloe-suhoe-11.webp
fanagoriya-fanagoriya-hey-bey-shardone-beloe-suhoe-13,Фанагория Хей Бэй Шардоне,fanagoriya-fanagoriya-hey-bey-shardone-beloe-suhoe-13.webp
sober-bash-hihvi-beloe-suhoe-15,Хихви,sober-bash-hihvi-beloe-suhoe-15.webp
shardone-1,Шардоне,PUSjv7dnMNilH25TO9BcbIbfSU67qXP-Tkd6Y5OIE-TOcQSUaS_2C-87ope9zesJn82p4L47By9VOGsbunuoUg==.webp
shardone-rezerv,Шардоне Резерв,PUSjv7dnMNilH25TO9BcbHkhy9GPzI7UikTrjqAuOFZ-YN4SEPtoIMmBiuJ5iq0yIn803bn9p7xkFdrkWgmf5A==.webp
shato-taman-bryut,Шато Тамань Брют,"ШТ Игристое 0,75 л 2024гу Normal Брют Белое.webp"
shato-taman-bryut-1,Шато Тамань Брют,"ШТ Игристое 0,75 л 2024гу Normal Брют Розвое.webp"
shato-taman-polusladkoe,Шато Тамань Полусладкое,"ШТ Игристое 0,75 л 2024гу Normal Белое Полусл.webp"
shato-taman-grape-dance,Шато Тамань. GRAPE DANCE,ШТ Grape Dance_blanc_2021.webp
shato-taman-grape-dance-1,Шато Тамань. GRAPE DANCE,ШТ Grape Dance_rose_2021.webp
shato-taman-kaberne,Шато Тамань. Каберне,"2024гу Normal ШТ Каберне сухое красное 0,75.webp"
shato-taman-kaberne-sovinon,Шато Тамань. Каберне Совиньон,"2024гу Normal ШТ Каберене Совиньон  сух роз бургундия 0,75.webp"
shato-taman-krasnostop,Шато Тамань. Красностоп,"2024гу Normal ШТ Красностоп сухое красное 0,75.webp"
shato-taman-par-la-mer-korall,Шато Тамань. Пар Ла Мер. Коралл,ШТ_ParLaMer_Розе сух_2024 ГУ Normal.webp
shato-taman-par-la-mer-pino-blan,Шато Тамань. Пар Ла Мер. Пино Блан,ШТ_ParLaMer_игристое_brut.webp
shato-taman-par-la-mer-pino-nuar,Шато Тамань. Пар Ла Мер. Пино Нуар,ШТ_ParLaMer_игристое_brut-rose.webp
shato-taman-par-la-mer-sovinon,Шато Тамань. Пар Ла Мер. Совиньон,ШТ_ParLaMer_Белое сух_2024 ГУ Normal.webp
shato-taman-par-la-mer-czvajgelt,Шато Тамань. Пар Ла Мер. Цвайгельт,ШТ_ParLaMer_крас сух_2024 ГУ Normal.webp
shato-taman-saperavi,Шато Тамань. Саперави,"2024гу Normal ШТ Саперави сухое красное 0,75.webp"
shato-taman-shardone,Шато Тамань. Шардоне,"2024гу Normal ШТ Шардоне сухое белое 0,75.webp"
derbent-vino-endemy-saperavi-krasnoe-suhoe-13,Эндемы Саперави,derbent-vino-endemy-saperavi-krasnoe-suhoe-13.webp
derbent-vino-endemy-shardone-beloe-suhoe-13,Эндемы Шардоне,derbent-vino-endemy-shardone-beloe-suhoe-13.webp
